{
  "train_loss": [
    3.6046180725097656,
    1.1583542823791504,
    1.6706106662750244,
    2.5804646015167236,
    1.0176279544830322,
    0.4837009012699127,
    0.1135924756526947
  ],
  "train_accuracy": [
    0.0,
    0.0,
    0.0,
    0.0,
    0.5,
    1.0,
    1.0
  ],
  "val_loss": [
    0.7211883068084717,
    0.7204158306121826,
    0.7588868141174316,
    0.7432467937469482,
    0.7262085676193237,
    0.7350854873657227,
    0.7578383088111877
  ],
  "val_accuracy": [
    0.0,
    0.5,
    0.5,
    0.5,
    0.5,
    0.5,
    0.5
  ],
  "val_precision": [
    0.0,
    0.25,
    0.25,
    0.25,
    0.25,
    0.25,
    0.25
  ],
  "val_recall": [
    0.0,
    0.5,
    0.5,
    0.5,
    0.5,
    0.5,
    0.5
  ],
  "val_f1": [
    0.0,
    0.3333333333333333,
    0.3333333333333333,
    0.3333333333333333,
    0.3333333333333333,
    0.3333333333333333,
    0.3333333333333333
  ]
}